Workbook

Sheet 活動日報（記載例）
A1: 2025年8月分 | H1: 活動日報
A2: プロジェクト代表者名： | D2: ○○ △△ | I2: PM： | J2: ●● ▲▲
A4: 日 | B4: 曜日 | C4: 作業時間帯(24時間制で時刻入力) | G4: 除外する時間数 | H4: 作業 時間数 | I4: 具体的な作業内容
C5: 開始時刻 | D5: 終了時刻 | E5: 開始時刻 | F5: 終了時刻
A6: =DATEVALUE(TEXT(SUBSTITUTE(SUBSTITUTE(SUBSTITUTE($A$1,"元","１"),"分",""),"度","")&"１日","yyyy/mm/d")) -> 45870 | B6: =TEXT(A6,"aaa") -> 金 | H6: =IF((D6-C6)+(F6-E6)-G6=0,"",(D6-C6)+(F6-E6)-G6)
A7: =A6+1 -> 45871 | B7: =TEXT(A7,"aaa") -> 土 | H7: =IF((D7-C7)+(F7-E7)-G7=0,"",(D7-C7)+(F7-E7)-G7)
A8: =A7+1 -> 45872 | B8: =TEXT(A8,"aaa") -> 日 | H8: =IF((D8-C8)+(F8-E8)-G8=0,"",(D8-C8)+(F8-E8)-G8)
A9: =A8+1 -> 45873 | B9: =TEXT(A9,"aaa") -> 月 | C9: 0.54166667 | D9: 0.58333333 | E9: 0.70833333 | F9: 0.75 | H9: =IF((D9-C9)+(F9-E9)-G9=0,"",(D9-C9)+(F9-E9)-G9) -> 0.083333333 | I9: ○○組立て及び、■■資料作成
A10: =A9+1 -> 45874 | B10: =TEXT(A10,"aaa") -> 火 | H10: =IF((D10-C10)+(F10-E10)-G10=0,"",(D10-C10)+(F10-E10)-G10)
A11: =A10+1 -> 45875 | B11: =TEXT(A11,"aaa") -> 水 | H11: =IF((D11-C11)+(F11-E11)-G11=0,"",(D11-C11)+(F11-E11)-G11)
A12: =A11+1 -> 45876 | B12: =TEXT(A12,"aaa") -> 木 | C12: 0.41666667 | D12: 0.625 | G12: 0.041666667 | H12: =IF((D12-C12)+(F12-E12)-G12=0,"",(D12-C12)+(F12-E12)-G12) -> 0.16666667 | I12: ○○開発、▲▲を●●するための動作テスト
A13: =A12+1 -> 45877 | B13: =TEXT(A13,"aaa") -> 金 | H13: =IF((D13-C13)+(F13-E13)-G13=0,"",(D13-C13)+(F13-E13)-G13)
A14: =A13+1 -> 45878 | B14: =TEXT(A14,"aaa") -> 土 | C14: 0.54166667 | D14: 0.58333333 | E14: 0.66666667 | F14: 0.75 | H14: =IF((D14-C14)+(F14-E14)-G14=0,"",(D14-C14)+(F14-E14)-G14) -> 0.125 | I14: ○○について□□にヒアリング
A15: =A14+1 -> 45879 | B15: =TEXT(A15,"aaa") -> 日 | H15: =IF((D15-C15)+(F15-E15)-G15=0,"",(D15-C15)+(F15-E15)-G15)
A16: =A15+1 -> 45880 | B16: =TEXT(A16,"aaa") -> 月 | H16: =IF((D16-C16)+(F16-E16)-G16=0,"",(D16-C16)+(F16-E16)-G16)
A17: =A16+1 -> 45881 | B17: =TEXT(A17,"aaa") -> 火 | H17: =IF((D17-C17)+(F17-E17)-G17=0,"",(D17-C17)+(F17-E17)-G17)
A18: =A17+1 -> 45882 | B18: =TEXT(A18,"aaa") -> 水 | H18: =IF((D18-C18)+(F18-E18)-G18=0,"",(D18-C18)+(F18-E18)-G18)
A19: =A18+1 -> 45883 | B19: =TEXT(A19,"aaa") -> 木 | H19: =IF((D19-C19)+(F19-E19)-G19=0,"",(D19-C19)+(F19-E19)-G19)
A20: =A19+1 -> 45884 | B20: =TEXT(A20,"aaa") -> 金 | H20: =IF((D20-C20)+(F20-E20)-G20=0,"",(D20-C20)+(F20-E20)-G20)
A21: =A20+1 -> 45885 | B21: =TEXT(A21,"aaa") -> 土 | H21: =IF((D21-C21)+(F21-E21)-G21=0,"",(D21-C21)+(F21-E21)-G21)
A22: =A21+1 -> 45886 | B22: =TEXT(A22,"aaa") -> 日 | C22: 0.41666667 | D22: 0.58333333 | E22: 0.66666667 | F22: 0.75 | G22: 0.083333333 | H22: =IF((D22-C22)+(F22-E22)-G22=0,"",(D22-C22)+(F22-E22)-G22) -> 0.16666667 | I22: PMメンタリング
A23: =A22+1 -> 45887 | B23: =TEXT(A23,"aaa") -> 月 | H23: =IF((D23-C23)+(F23-E23)-G23=0,"",(D23-C23)+(F23-E23)-G23)
A24: =A23+1 -> 45888 | B24: =TEXT(A24,"aaa") -> 火 | H24: =IF((D24-C24)+(F24-E24)-G24=0,"",(D24-C24)+(F24-E24)-G24)
A25: =A24+1 -> 45889 | B25: =TEXT(A25,"aaa") -> 水 | H25: =IF((D25-C25)+(F25-E25)-G25=0,"",(D25-C25)+(F25-E25)-G25)
A26: =A25+1 -> 45890 | B26: =TEXT(A26,"aaa") -> 木 | H26: =IF((D26-C26)+(F26-E26)-G26=0,"",(D26-C26)+(F26-E26)-G26)
A27: =A26+1 -> 45891 | B27: =TEXT(A27,"aaa") -> 金 | H27: =IF((D27-C27)+(F27-E27)-G27=0,"",(D27-C27)+(F27-E27)-G27)
A28: =A27+1 -> 45892 | B28: =TEXT(A28,"aaa") -> 土 | H28: =IF((D28-C28)+(F28-E28)-G28=0,"",(D28-C28)+(F28-E28)-G28)
A29: =A28+1 -> 45893 | B29: =TEXT(A29,"aaa") -> 日 | C29: 0.54166667 | D29: 0.58333333 | E29: 0.70833333 | F29: 0.75 | H29: =IF((D29-C29)+(F29-E29)-G29=0,"",(D29-C29)+(F29-E29)-G29) -> 0.083333333 | I29: ○○開発、▲▲動作テスト
A30: =A29+1 -> 45894 | B30: =TEXT(A30,"aaa") -> 月 | H30: =IF((D30-C30)+(F30-E30)-G30=0,"",(D30-C30)+(F30-E30)-G30)
A31: =A30+1 -> 45895 | B31: =TEXT(A31,"aaa") -> 火 | H31: =IF((D31-C31)+(F31-E31)-G31=0,"",(D31-C31)+(F31-E31)-G31)
A32: =A31+1 -> 45896 | B32: =TEXT(A32,"aaa") -> 水 | H32: =IF((D32-C32)+(F32-E32)-G32=0,"",(D32-C32)+(F32-E32)-G32)
A33: =A32+1 -> 45897 | B33: =TEXT(A33,"aaa") -> 木 | C33: 0.58333333 | D33: 0.79166667 | G33: 0.125 | H33: =IF((D33-C33)+(F33-E33)-G33=0,"",(D33-C33)+(F33-E33)-G33) -> 0.083333333 | I33: ○○実験
A34: =IF(DAY(A33+1)<4,"",A33+1) -> 45898 | B34: =TEXT(A34,"aaa") -> 金 | H34: =IF((D34-C34)+(F34-E34)-G34=0,"",(D34-C34)+(F34-E34)-G34)
A35: =IF(DAY(A33+2)<4,"",A33+2) -> 45899 | B35: =TEXT(A35,"aaa") -> 土 | H35: =IF((D35-C35)+(F35-E35)-G35=0,"",(D35-C35)+(F35-E35)-G35)
A36: =IF(DAY(A33+3)<4,"",A33+3) -> 45900 | B36: =TEXT(A36,"aaa") -> 日 | H36: =IF((D36-C36)+(F36-E36)-G36=0,"",(D36-C36)+(F36-E36)-G36)
A37: 合計 | H37: =SUM(H6:H36) -> 0.70833333 | I37: 数値表示に変換した時間数 | N37: =ROUNDDOWN(ROUND(H37*24*60,1)/60,2) -> 17

Sheet 総括表_水色のセルを入力
A1: 事業年度 | D1: 西暦 | E1: 2025 | F1: 年度
A2: プロジェクト代表者 | C2: 氏名 | D2: 李弦チョル
A3: 担当PM | C3: 氏名 | D3: 谷口 英
A4: 謝金単価 | D4: 2200 | E4: 円 税込
B6: 8月 | C6: 9月 | D6: 10月 | E6: 11月 | F6: 12月 | G6: 1月 | H6: 合計
A7: 時間数 | B7: {=INDIRECT(B6&"!$n$37")} -> 8 | C7: {=INDIRECT(C6&"!$n$37")} -> 18.51 | D7: {=INDIRECT(D6&"!$n$37")} -> 59.61 | E7: {=INDIRECT(E6&"!$n$37")} -> 57 | F7: {=INDIRECT(F6&"!$n$37")} -> 0 | G7: {=INDIRECT(G6&"!$n$37")} -> 0 | H7: =SUM(B7:G7) -> 143.12
A8: 金額 | B8: =$D$4*B7 -> 17600 | C8: =$D$4*C7 -> 40722 | D8: =$D$4*D7 -> 131142 | E8: =$D$4*E7 -> 125400 | F8: =$D$4*F7 -> 0 | G8: =$D$4*G7 -> 0 | H8: =SUM(B8:G8) -> 314864

Sheet ８月
A1: 2025年8月分 | H1: 活動日報
A2: プロジェクト代表者名： | D2: =IFERROR(総括表_水色のセルを入力!D2,"") -> 李弦チョル | I2: PM： | J2: =IFERROR(総括表_水色のセルを入力!D3,"") -> 谷口 英
A4: 日 | B4: 曜日 | C4: 作業時間帯(24時間制で時刻入力) | G4: 除外する時間数 | H4: 作業 時間数 | I4: 具体的な作業内容
C5: 開始時刻 | D5: 終了時刻 | E5: 開始時刻 | F5: 終了時刻
A6: 45890 | B6: =TEXT(A6,"aaa") -> 木 | H6: =IF((D6-C6)+(F6-E6)-G6=0,"",(D6-C6)+(F6-E6)-G6)
A7: =A6+1 -> 45891 | B7: =TEXT(A7,"aaa") -> 金 | H7: =IF((D7-C7)+(F7-E7)-G7=0,"",(D7-C7)+(F7-E7)-G7)
A8: =A7+1 -> 45892 | B8: =TEXT(A8,"aaa") -> 土 | H8: =IF((D8-C8)+(F8-E8)-G8=0,"",(D8-C8)+(F8-E8)-G8)
A9: =A8+1 -> 45893 | B9: =TEXT(A9,"aaa") -> 日 | H9: =IF((D9-C9)+(F9-E9)-G9=0,"",(D9-C9)+(F9-E9)-G9)
A10: =A9+1 -> 45894 | B10: =TEXT(A10,"aaa") -> 月 | H10: =IF((D10-C10)+(F10-E10)-G10=0,"",(D10-C10)+(F10-E10)-G10)
A11: =A10+1 -> 45895 | B11: =TEXT(A11,"aaa") -> 火 | H11: =IF((D11-C11)+(F11-E11)-G11=0,"",(D11-C11)+(F11-E11)-G11)
A12: =A11+1 -> 45896 | B12: =TEXT(A12,"aaa") -> 水 | H12: =IF((D12-C12)+(F12-E12)-G12=0,"",(D12-C12)+(F12-E12)-G12)
A13: =A12+1 -> 45897 | B13: =TEXT(A13,"aaa") -> 木 | H13: =IF((D13-C13)+(F13-E13)-G13=0,"",(D13-C13)+(F13-E13)-G13)
A14: =A13+1 -> 45898 | B14: =TEXT(A14,"aaa") -> 金 | C14: 0.625 | D14: 0.70833333 | H14: =IF((D14-C14)+(F14-E14)-G14=0,"",(D14-C14)+(F14-E14)-G14) -> 0.083333333 | I14: 初回PMとのミーティングに向けた資料作成
A15: =A14+1 -> 45899 | B15: =TEXT(A15,"aaa") -> 土 | C15: 0.625 | D15: 0.70833333 | H15: =IF((D15-C15)+(F15-E15)-G15=0,"",(D15-C15)+(F15-E15)-G15) -> 0.083333333 | I15: 初回PMとのミーティングに向けた資料作成
A16: =A15+1 -> 45900 | B16: =TEXT(A16,"aaa") -> 日 | C16: 0.625 | D16: 0.79166667 | H16: =IF((D16-C16)+(F16-E16)-G16=0,"",(D16-C16)+(F16-E16)-G16) -> 0.16666667 | I16: 初回PMとのミーティングに向けた資料作成
H17: =IF((D17-C17)+(F17-E17)-G17=0,"",(D17-C17)+(F17-E17)-G17)
H18: =IF((D18-C18)+(F18-E18)-G18=0,"",(D18-C18)+(F18-E18)-G18)
H19: =IF((D19-C19)+(F19-E19)-G19=0,"",(D19-C19)+(F19-E19)-G19)
H20: =IF((D20-C20)+(F20-E20)-G20=0,"",(D20-C20)+(F20-E20)-G20)
H21: =IF((D21-C21)+(F21-E21)-G21=0,"",(D21-C21)+(F21-E21)-G21)
H22: =IF((D22-C22)+(F22-E22)-G22=0,"",(D22-C22)+(F22-E22)-G22)
H23: =IF((D23-C23)+(F23-E23)-G23=0,"",(D23-C23)+(F23-E23)-G23)
H24: =IF((D24-C24)+(F24-E24)-G24=0,"",(D24-C24)+(F24-E24)-G24)
H25: =IF((D25-C25)+(F25-E25)-G25=0,"",(D25-C25)+(F25-E25)-G25)
H26: =IF((D26-C26)+(F26-E26)-G26=0,"",(D26-C26)+(F26-E26)-G26)
H27: =IF((D27-C27)+(F27-E27)-G27=0,"",(D27-C27)+(F27-E27)-G27)
H28: =IF((D28-C28)+(F28-E28)-G28=0,"",(D28-C28)+(F28-E28)-G28)
... H36: =IF((D36-C36)+(F36-E36)-G36=0,"",(D36-C36)+(F36-E36)-G36)
A37: 合計 | H37: =SUM(H6:H36) -> 0.33333333 | I37: 数値表示に変換した時間数 | N37: =ROUNDDOWN(ROUND(H37*24*60,1)/60,2) -> 8

Sheet 9月
A1: 2025年9月分 | H1: 活動日報
A2: プロジェクト代表者名： | D2: =IFERROR(総括表_水色のセルを入力!D2,"") -> 李弦チョル | I2: PM： | J2: =IFERROR(総括表_水色のセルを入力!D3,"") -> 谷口 英
A4: 日 | B4: 曜日 | C4: 作業時間帯(24時間制で時刻入力) | G4: 除外する時間数 | H4: 作業 時間数 | I4: 具体的な作業内容
C5: 開始時刻 | D5: 終了時刻 | E5: 開始時刻 | F5: 終了時刻
A6: =DATEVALUE(TEXT(SUBSTITUTE(SUBSTITUTE(SUBSTITUTE($A$1,"元","１"),"分",""),"度","")&"１日","yyyy/mm/d")) -> 45901 | B6: =TEXT(A6,"aaa") -> 月 | C6: 0.79166667 | D6: 1 | H6: =IF((D6-C6)+(F6-E6)-G6=0,"",(D6-C6)+(F6-E6)-G6) -> 0.20833333 | I6: 事業計画書プロトタイプ
A7: =A6+1 -> 45902 | B7: =TEXT(A7,"aaa") -> 火 | H7: =IF((D7-C7)+(F7-E7)-G7=0,"",(D7-C7)+(F7-E7)-G7)
A8: =A7+1 -> 45903 | B8: =TEXT(A8,"aaa") -> 水 | H8: =IF((D8-C8)+(F8-E8)-G8=0,"",(D8-C8)+(F8-E8)-G8)
A9: =A8+1 -> 45904 | B9: =TEXT(A9,"aaa") -> 木 | H9: =IF((D9-C9)+(F9-E9)-G9=0,"",(D9-C9)+(F9-E9)-G9)
A10: =A9+1 -> 45905 | B10: =TEXT(A10,"aaa") -> 金 | H10: =IF((D10-C10)+(F10-E10)-G10=0,"",(D10-C10)+(F10-E10)-G10)
A11: =A10+1 -> 45906 | B11: =TEXT(A11,"aaa") -> 土 | H11: =IF((D11-C11)+(F11-E11)-G11=0,"",(D11-C11)+(F11-E11)-G11)
A12: =A11+1 -> 45907 | B12: =TEXT(A12,"aaa") -> 日 | C12: 0.64583333 | D12: 0.72916667 | H12: =IF((D12-C12)+(F12-E12)-G12=0,"",(D12-C12)+(F12-E12)-G12) -> 0.083333333 | I12: PMとのMTGに向けた準備
A13: =A12+1 -> 45908 | B13: =TEXT(A13,"aaa") -> 月 | C13: 0.41666667 | D13: 0.45833333 | E13: 0.5 | F13: 0.59375 | H13: =IF((D13-C13)+(F13-E13)-G13=0,"",(D13-C13)+(F13-E13)-G13) -> 0.13541667 | I13: 初回ピッチに向けた資料作成、PMとのMTGに向けた準備
A14: =A13+1 -> 45909 | B14: =TEXT(A14,"aaa") -> 火 | H14: =IF((D14-C14)+(F14-E14)-G14=0,"",(D14-C14)+(F14-E14)-G14)
A15: =A14+1 -> 45910 | B15: =TEXT(A15,"aaa") -> 水 | H15: =IF((D15-C15)+(F15-E15)-G15=0,"",(D15-C15)+(F15-E15)-G15)
A16: =A15+1 -> 45911 | B16: =TEXT(A16,"aaa") -> 木 | C16: 0.60416667 | D16: 0.6875 | H16: =IF((D16-C16)+(F16-E16)-G16=0,"",(D16-C16)+(F16-E16)-G16) -> 0.083333333 | I16: 初回ピッチに向けた資料作成
A17: =A16+1 -> 45912 | B17: =TEXT(A17,"aaa") -> 金 | H17: =IF((D17-C17)+(F17-E17)-G17=0,"",(D17-C17)+(F17-E17)-G17)
A18: =A17+1 -> 45913 | B18: =TEXT(A18,"aaa") -> 土 | C18: 0.97916667 | D18: 1.0416667 | H18: =IF((D18-C18)+(F18-E18)-G18=0,"",(D18-C18)+(F18-E18)-G18) -> 0.0625 | I18: 初回ピッチに向けた資料作成
A19: =A18+1 -> 45914 | B19: =TEXT(A19,"aaa") -> 日 | C19: 0.89583333 | D19: 1.0347222 | G19: 0.020833333 | H19: =IF((D19-C19)+(F19-E19)-G19=0,"",(D19-C19)+(F19-E19)-G19) -> 0.11805556 | I19: 初回ピッチ原稿作成、発表練習
A20: =A19+1 -> 45915 | B20: =TEXT(A20,"aaa") -> 月 | H20: =IF((D20-C20)+(F20-E20)-G20=0,"",(D20-C20)+(F20-E20)-G20)
A21: =A20+1 -> 45916 | B21: =TEXT(A21,"aaa") -> 火 | H21: =IF((D21-C21)+(F21-E21)-G21=0,"",(D21-C21)+(F21-E21)-G21)
A22: =A21+1 -> 45917 | B22: =TEXT(A22,"aaa") -> 水 | H22: =IF((D22-C22)+(F22-E22)-G22=0,"",(D22-C22)+(F22-E22)-G22)
A23: =A22+1 -> 45918 | B23: =TEXT(A23,"aaa") -> 木 | H23: =IF((D23-C23)+(F23-E23)-G23=0,"",(D23-C23)+(F23-E23)-G23)
A24: =A23+1 -> 45919 | B24: =TEXT(A24,"aaa") -> 金 | H24: =IF((D24-C24)+(F24-E24)-G24=0,"",(D24-C24)+(F24-E24)-G24)
A25: =A24+1 -> 45920 | B25: =TEXT(A25,"aaa") -> 土 | H25: =IF((D25-C25)+(F25-E25)-G25=0,"",(D25-C25)+(F25-E25)-G25)
A26: =A25+1 -> 45921 | B26: =TEXT(A26,"aaa") -> 日 | H26: =IF((D26-C26)+(F26-E26)-G26=0,"",(D26-C26)+(F26-E26)-G26)
A27: =A26+1 -> 45922 | B27: =TEXT(A27,"aaa") -> 月 | C27: 0.41111111 | D27: 0.47083333 | E27: 0.54166667 | F27: 0.5625 | H27: =IF((D27-C27)+(F27-E27)-G27=0,"",(D27-C27)+(F27-E27)-G27) -> 0.080555556 | I27: PMとのMTGに向けた準備,PMとのMTG
A28: =A27+1 -> 45923 | B28: =TEXT(A28,"aaa") -> 火 | H28: =IF((D28-C28)+(F28-E28)-G28=0,"",(D28-C28)+(F28-E28)-G28)
A29: =A28+1 -> 45924 | B29: =TEXT(A29,"aaa") -> 水 | H29: =IF((D29-C29)+(F29-E29)-G29=0,"",(D29-C29)+(F29-E29)-G29)
A30: =A29+1 -> 45925 | B30: =TEXT(A30,"aaa") -> 木 | H30: =IF((D30-C30)+(F30-E30)-G30=0,"",(D30-C30)+(F30-E30)-G30)
A31: =A30+1 -> 45926 | B31: =TEXT(A31,"aaa") -> 金 | H31: =IF((D31-C31)+(F31-E31)-G31=0,"",(D31-C31)+(F31-E31)-G31)
A32: =A31+1 -> 45927 | B32: =TEXT(A32,"aaa") -> 土 | H32: =IF((D32-C32)+(F32-E32)-G32=0,"",(D32-C32)+(F32-E32)-G32)
A33: =A32+1 -> 45928 | B33: =TEXT(A33,"aaa") -> 日 | H33: =IF((D33-C33)+(F33-E33)-G33=0,"",(D33-C33)+(F33-E33)-G33)
A34: =IF(DAY(A33+1)<4,"",A33+1) -> 45929 | B34: =TEXT(A34,"aaa") -> 月 | H34: =IF((D34-C34)+(F34-E34)-G34=0,"",(D34-C34)+(F34-E34)-G34)
A35: =IF(DAY(A33+2)<4,"",A33+2) -> 45930 | B35: =TEXT(A35,"aaa") -> 火 | H35: =IF((D35-C35)+(F35-E35)-G35=0,"",(D35-C35)+(F35-E35)-G35)
A36: =IF(DAY(A33+3)<4,"",A33+3) | B36: =TEXT(A36,"aaa") | H36: =IF((D36-C36)+(F36-E36)-G36=0,"",(D36-C36)+(F36-E36)-G36)
A37: 合計 | H37: =SUM(H6:H36) -> 0.77152778 | I37: 数値表示に変換した時間数 | N37: =ROUNDDOWN(ROUND(H37*24*60,1)/60,2) -> 18.51

Sheet 10月
A1: 2025年10月分 | H1: 活動日報
A2: プロジェクト代表者名： | D2: =IFERROR(総括表_水色のセルを入力!D2,"") -> 李弦チョル | I2: PM： | J2: =IFERROR(総括表_水色のセルを入力!D3,"") -> 谷口 英
A4: 日 | B4: 曜日 | C4: 作業時間帯(24時間制で時刻入力) | G4: 除外する時間数 | H4: 作業 時間数 | I4: 具体的な作業内容
C5: 開始時刻 | D5: 終了時刻 | E5: 開始時刻 | F5: 終了時刻
A6: =DATEVALUE(TEXT(SUBSTITUTE(SUBSTITUTE(SUBSTITUTE($A$1,"元","１"),"分",""),"度","")&"１日","yyyy/mm/d")) -> 45931 | B6: =TEXT(A6,"aaa") -> 水 | H6: =IF((D6-C6)+(F6-E6)-G6=0,"",(D6-C6)+(F6-E6)-G6)
A7: =A6+1 -> 45932 | B7: =TEXT(A7,"aaa") -> 木 | C7: 0.5 | D7: 0.54166667 | H7: =IF((D7-C7)+(F7-E7)-G7=0,"",(D7-C7)+(F7-E7)-G7) -> 0.041666667 | I7: 9月分進捗報告書作成
A8: =A7+1 -> 45933 | B8: =TEXT(A8,"aaa") -> 金 | C8: 0.35416667 | D8: 0.4375 | E8: 0.48819444 | F8: 0.60416667 | H8: =IF((D8-C8)+(F8-E8)-G8=0,"",(D8-C8)+(F8-E8)-G8) -> 0.19930556 | I8: 全体タスク確認書類作成、SBTテスト発行、コントラクト開発
A9: =A8+1 -> 45934 | B9: =TEXT(A9,"aaa") -> 土 | H9: =IF((D9-C9)+(F9-E9)-G9=0,"",(D9-C9)+(F9-E9)-G9)
A10: =A9+1 -> 45935 | B10: =TEXT(A10,"aaa") -> 日 | C10: 0.33333333 | D10: 0.5 | E10: 0.54166667 | F10: 0.75 | H10: =IF((D10-C10)+(F10-E10)-G10=0,"",(D10-C10)+(F10-E10)-G10) -> 0.375 | I10: SBT発行など開発
A11: =A10+1 -> 45936 | B11: =TEXT(A11,"aaa") -> 月 | C11: 0.79166667 | D11: 0.95833333 | H11: =IF((D11-C11)+(F11-E11)-G11=0,"",(D11-C11)+(F11-E11)-G11) -> 0.16666667 | I11: IPFS開発
A12: =A11+1 -> 45937 | B12: =TEXT(A12,"aaa") -> 火 | H12: =IF((D12-C12)+(F12-E12)-G12=0,"",(D12-C12)+(F12-E12)-G12)
A13: =A12+1 -> 45938 | B13: =TEXT(A13,"aaa") -> 水 | C13: 0.5 | D13: 0.75 | E13: 0.75 | F13: 0.875 | H13: =IF((D13-C13)+(F13-E13)-G13=0,"",(D13-C13)+(F13-E13)-G13) -> 0.375 | I13: 集団メンタリング資料作成、IPFSにアップロード
A14: =A13+1 -> 45939 | B14: =TEXT(A14,"aaa") -> 木 | H14: =IF((D14-C14)+(F14-E14)-G14=0,"",(D14-C14)+(F14-E14)-G14)
A15: =A14+1 -> 45940 | B15: =TEXT(A15,"aaa") -> 金 | C15: 0.5 | D15: 0.625 | E15: 0.65277778 | F15: 0.72916667 | H15: =IF((D15-C15)+(F15-E15)-G15=0,"",(D15-C15)+(F15-E15)-G15) -> 0.20138889 | I15: PMとのMTG, Sepoliaテストネット接続
A16: =A15+1 -> 45941 | B16: =TEXT(A16,"aaa") -> 土 | C16: 0.33333333 | D16: 0.54166667 | E16: 0.58333333 | F16: 0.91666667 | H16: =IF((D16-C16)+(F16-E16)-G16=0,"",(D16-C16)+(F16-E16)-G16) -> 0.54166667 | I16: 集団メンタリング資料作成、IPFSにアップロード
A17: =A16+1 -> 45942 | B17: =TEXT(A17,"aaa") -> 日 | H17: =IF((D17-C17)+(F17-E17)-G17=0,"",(D17-C17)+(F17-E17)-G17)
A18: =A17+1 -> 45943 | B18: =TEXT(A18,"aaa") -> 月 | H18: =IF((D18-C18)+(F18-E18)-G18=0,"",(D18-C18)+(F18-E18)-G18)
A19: =A18+1 -> 45944 | B19: =TEXT(A19,"aaa") -> 火 | H19: =IF((D19-C19)+(F19-E19)-G19=0,"",(D19-C19)+(F19-E19)-G19)
A20: =A19+1 -> 45945 | B20: =TEXT(A20,"aaa") -> 水 | H20: =IF((D20-C20)+(F20-E20)-G20=0,"",(D20-C20)+(F20-E20)-G20)
A21: =A20+1 -> 45946 | B21: =TEXT(A21,"aaa") -> 木 | H21: =IF((D21-C21)+(F21-E21)-G21=0,"",(D21-C21)+(F21-E21)-G21)
A22: =A21+1 -> 45947 | B22: =TEXT(A22,"aaa") -> 金 | H22: =IF((D22-C22)+(F22-E22)-G22=0,"",(D22-C22)+(F22-E22)-G22)
A23: =A22+1 -> 45948 | B23: =TEXT(A23,"aaa") -> 土 | H23: =IF((D23-C23)+(F23-E23)-G23=0,"",(D23-C23)+(F23-E23)-G23)
A24: =A23+1 -> 45949 | B24: =TEXT(A24,"aaa") -> 日 | H24: =IF((D24-C24)+(F24-E24)-G24=0,"",(D24-C24)+(F24-E24)-G24)
A25: =A24+1 -> 45950 | B25: =TEXT(A25,"aaa") -> 月 | C25: 0.41666667 | D25: 0.625 | H25: =IF((D25-C25)+(F25-E25)-G25=0,"",(D25-C25)+(F25-E25)-G25) -> 0.20833333 | I25: PMとのMTG, Arwave接続
A26: =A25+1 -> 45951 | B26: =TEXT(A26,"aaa") -> 火 | H26: =IF((D26-C26)+(F26-E26)-G26=0,"",(D26-C26)+(F26-E26)-G26)
A27: =A26+1 -> 45952 | B27: =TEXT(A27,"aaa") -> 水 | C27: 0.625 | D27: 0.70833333 | H27: =IF((D27-C27)+(F27-E27)-G27=0,"",(D27-C27)+(F27-E27)-G27) -> 0.083333333 | I27: Arweave接続
A28: =A27+1 -> 45953 | B28: =TEXT(A28,"aaa") -> 木 | H28: =IF((D28-C28)+(F28-E28)-G28=0,"",(D28-C28)+(F28-E28)-G28)
A29: =A28+1 -> 45954 | B29: =TEXT(A29,"aaa") -> 金 | H29: =IF((D29-C29)+(F29-E29)-G29=0,"",(D29-C29)+(F29-E29)-G29)
A30: =A29+1 -> 45955 | B30: =TEXT(A30,"aaa") -> 土 | H30: =IF((D30-C30)+(F30-E30)-G30=0,"",(D30-C30)+(F30-E30)-G30)
A31: =A30+1 -> 45956 | B31: =TEXT(A31,"aaa") -> 日 | H31: =IF((D31-C31)+(F31-E31)-G31=0,"",(D31-C31)+(F31-E31)-G31)
A32: =A31+1 -> 45957 | B32: =TEXT(A32,"aaa") -> 月 | C32: 0.3125 | D32: 0.45833333 | E32: 0.5625 | F32: 0.70833333 | H32: =IF((D32-C32)+(F32-E32)-G32=0,"",(D32-C32)+(F32-E32)-G32) -> 0.29166667 | I32: 発表資料作成
A33: =A32+1 -> 45958 | B33: =TEXT(A33,"aaa") -> 火 | H33: =IF((D33-C33)+(F33-E33)-G33=0,"",(D33-C33)+(F33-E33)-G33)
A34: =IF(DAY(A33+1)<4,"",A33+1) -> 45959 | B34: =TEXT(A34,"aaa") -> 水 | H34: =IF((D34-C34)+(F34-E34)-G34=0,"",(D34-C34)+(F34-E34)-G34)
A35: =IF(DAY(A33+2)<4,"",A33+2) -> 45960 | B35: =TEXT(A35,"aaa") -> 木 | H35: =IF((D35-C35)+(F35-E35)-G35=0,"",(D35-C35)+(F35-E35)-G35)
A36: =IF(DAY(A33+3)<4,"",A33+3) -> 45961 | B36: =TEXT(A36,"aaa") -> 金 | H36: =IF((D36-C36)+(F36-E36)-G36=0,"",(D36-C36)+(F36-E36)-G36)
A37: 合計 | H37: =SUM(H6:H36) -> 2.4840278 | I37: 数値表示に変換した時間数 | N37: =ROUNDDOWN(ROUND(H37*24*60,1)/60,2) -> 59.61

Sheet 11月
A1: 2025年11月分 | H1: 活動日報
A2: プロジェクト代表者名： | D2: =IFERROR(総括表_水色のセルを入力!D2,"") -> 李弦チョル | I2: PM： | J2: =IFERROR(総括表_水色のセルを入力!D3,"") -> 谷口 英
A4: 日 | B4: 曜日 | C4: 作業時間帯(24時間制で時刻入力) | G4: 除外する時間数 | H4: 作業 時間数 | I4: 具体的な作業内容
C5: 開始時刻 | D5: 終了時刻 | E5: 開始時刻 | F5: 終了時刻
A6: =DATEVALUE(TEXT(SUBSTITUTE(SUBSTITUTE(SUBSTITUTE($A$1,"元","１"),"分",""),"度","")&"１日","yyyy/mm/d")) -> 45962 | B6: =TEXT(A6,"aaa") -> 土 | H6: =IF((D6-C6)+(F6-E6)-G6=0,"",(D6-C6)+(F6-E6)-G6)
A7: =A6+1 -> 45963 | B7: =TEXT(A7,"aaa") -> 日 | H7: =IF((D7-C7)+(F7-E7)-G7=0,"",(D7-C7)+(F7-E7)-G7)
A8: =A7+1 -> 45964 | B8: =TEXT(A8,"aaa") -> 月 | H8: =IF((D8-C8)+(F8-E8)-G8=0,"",(D8-C8)+(F8-E8)-G8)
A9: =A8+1 -> 45965 | B9: =TEXT(A9,"aaa") -> 火 | H9: =IF((D9-C9)+(F9-E9)-G9=0,"",(D9-C9)+(F9-E9)-G9)
A10: =A9+1 -> 45966 | B10: =TEXT(A10,"aaa") -> 水 | H10: =IF((D10-C10)+(F10-E10)-G10=0,"",(D10-C10)+(F10-E10)-G10)
A11: =A10+1 -> 45967 | B11: =TEXT(A11,"aaa") -> 木 | H11: =IF((D11-C11)+(F11-E11)-G11=0,"",(D11-C11)+(F11-E11)-G11)
A12: =A11+1 -> 45968 | B12: =TEXT(A12,"aaa") -> 金 | C12: 0.66666667 | D12: 0.83333333 | H12: =IF((D12-C12)+(F12-E12)-G12=0,"",(D12-C12)+(F12-E12)-G12) -> 0.16666667 | I12: Arweave連携
A13: =A12+1 -> 45969 | B13: =TEXT(A13,"aaa") -> 土 | H13: =IF((D13-C13)+(F13-E13)-G13=0,"",(D13-C13)+(F13-E13)-G13)
A14: =A13+1 -> 45970 | B14: =TEXT(A14,"aaa") -> 日 | H14: =IF((D14-C14)+(F14-E14)-G14=0,"",(D14-C14)+(F14-E14)-G14)
A15: =A14+1 -> 45971 | B15: =TEXT(A15,"aaa") -> 月 | H15: =IF((D15-C15)+(F15-E15)-G15=0,"",(D15-C15)+(F15-E15)-G15)
A16: =A15+1 -> 45972 | B16: =TEXT(A16,"aaa") -> 火 | H16: =IF((D16-C16)+(F16-E16)-G16=0,"",(D16-C16)+(F16-E16)-G16)
A17: =A16+1 -> 45973 | B17: =TEXT(A17,"aaa") -> 水 | C17: 0.41666667 | D17: 0.66666667 | H17: =IF((D17-C17)+(F17-E17)-G17=0,"",(D17-C17)+(F17-E17)-G17) -> 0.25 | I17: 株式会社Netujoの面談準備、面談、開発
A18: =A17+1 -> 45974 | B18: =TEXT(A18,"aaa") -> 木 | C18: 0.41666667 | D18: 0.66666667 | H18: =IF((D18-C18)+(F18-E18)-G18=0,"",(D18-C18)+(F18-E18)-G18) -> 0.25 | I18: ワンクリックデモの開発、集団メンタリングに向けたアイデア整理
A19: =A18+1 -> 45975 | B19: =TEXT(A19,"aaa") -> 金 | C19: 0.41666667 | D19: 0.66666667 | H19: =IF((D19-C19)+(F19-E19)-G19=0,"",(D19-C19)+(F19-E19)-G19) -> 0.25 | I19: PMとのMTG, 集団メンタリング準備
A20: =A19+1 -> 45976 | B20: =TEXT(A20,"aaa") -> 土 | C20: 0.375 | D20: 0.875 | G20: 0.083333333 | H20: =IF((D20-C20)+(F20-E20)-G20=0,"",(D20-C20)+(F20-E20)-G20) -> 0.41666667 | I20: 集団メンタリング準備
A21: =A20+1 -> 45977 | B21: =TEXT(A21,"aaa") -> 日 | C21: 0.75 | D21: 1.0833333 | H21: =IF((D21-C21)+(F21-E21)-G21=0,"",(D21-C21)+(F21-E21)-G21) -> 0.33333333 | I21: 新規開発に向けた準備
A22: =A21+1 -> 45978 | B22: =TEXT(A22,"aaa") -> 月 | H22: =IF((D22-C22)+(F22-E22)-G22=0,"",(D22-C22)+(F22-E22)-G22)
A23: =A22+1 -> 45979 | B23: =TEXT(A23,"aaa") -> 火 | H23: =IF((D23-C23)+(F23-E23)-G23=0,"",(D23-C23)+(F23-E23)-G23)
A24: =A23+1 -> 45980 | B24: =TEXT(A24,"aaa") -> 水 | H24: =IF((D24-C24)+(F24-E24)-G24=0,"",(D24-C24)+(F24-E24)-G24)
A25: =A24+1 -> 45981 | B25: =TEXT(A25,"aaa") -> 木 | C25: 0.375 | D25: 0.625 | G25: 0.041666667 | H25: =IF((D25-C25)+(F25-E25)-G25=0,"",(D25-C25)+(F25-E25)-G25) -> 0.20833333 | I25: PMとのMTG, 新規事業提案、JPYC調査
A26: =A25+1 -> 45982 | B26: =TEXT(A26,"aaa") -> 金 | H26: =IF((D26-C26)+(F26-E26)-G26=0,"",(D26-C26)+(F26-E26)-G26)
A27: =A26+1 -> 45983 | B27: =TEXT(A27,"aaa") -> 土 | H27: =IF((D27-C27)+(F27-E27)-G27=0,"",(D27-C27)+(F27-E27)-G27)
A28: =A27+1 -> 45984 | B28: =TEXT(A28,"aaa") -> 日 | H28: =IF((D28-C28)+(F28-E28)-G28=0,"",(D28-C28)+(F28-E28)-G28)
A29: =A28+1 -> 45985 | B29: =TEXT(A29,"aaa") -> 月 | C29: 0.41666667 | D29: 0.625 | G29: 0.041666667 | H29: =IF((D29-C29)+(F29-E29)-G29=0,"",(D29-C29)+(F29-E29)-G29) -> 0.16666667 | I29: Sepolia、Hardhat v3 環境構築
A30: =A29+1 -> 45986 | B30: =TEXT(A30,"aaa") -> 火 | H30: =IF((D30-C30)+(F30-E30)-G30=0,"",(D30-C30)+(F30-E30)-G30)
A31: =A30+1 -> 45987 | B31: =TEXT(A31,"aaa") -> 水 | H31: =IF((D31-C31)+(F31-E31)-G31=0,"",(D31-C31)+(F31-E31)-G31)
A32: =A31+1 -> 45988 | B32: =TEXT(A32,"aaa") -> 木 | C32: 0.75 | D32: 0.875 | H32: =IF((D32-C32)+(F32-E32)-G32=0,"",(D32-C32)+(F32-E32)-G32) -> 0.125 | I32: ERC20のトークン発行
A33: =A32+1 -> 45989 | B33: =TEXT(A33,"aaa") -> 金 | H33: =IF((D33-C33)+(F33-E33)-G33=0,"",(D33-C33)+(F33-E33)-G33)
A34: =IF(DAY(A33+1)<4,"",A33+1) -> 45990 | B34: =TEXT(A34,"aaa") -> 土 | H34: =IF((D34-C34)+(F34-E34)-G34=0,"",(D34-C34)+(F34-E34)-G34)
A35: =IF(DAY(A33+2)<4,"",A33+2) -> 45991 | B35: =TEXT(A35,"aaa") -> 日 | C35: 0.70833333 | D35: 0.91666667 | H35: =IF((D35-C35)+(F35-E35)-G35=0,"",(D35-C35)+(F35-E35)-G35) -> 0.20833333 | I35: JPYCの法的課題などの調査
A36: =IF(DAY(A33+3)<4,"",A33+3) | B36: =TEXT(A36,"aaa") | H36: =IF((D36-C36)+(F36-E36)-G36=0,"",(D36-C36)+(F36-E36)-G36)
A37: 合計 | H37: =SUM(H6:H36) -> 2.375 | I37: 数値表示に変換した時間数 | N37: =ROUNDDOWN(ROUND(H37*24*60,1)/60,2) -> 57

Sheet 12月
A1: 2025年12月分 | H1: 活動日報
A2: プロジェクト代表者名： | D2: =IFERROR(総括表_水色のセルを入力!D2,"") -> 李弦チョル | I2: PM： | J2: =IFERROR(総括表_水色のセルを入力!D3,"") -> 谷口 英
A4: 日 | B4: 曜日 | C4: 作業時間帯(24時間制で時刻入力) | G4: 除外する時間数 | H4: 作業 時間数 | I4: 具体的な作業内容
C5: 開始時刻 | D5: 終了時刻 | E5: 開始時刻 | F5: 終了時刻
A6: =DATEVALUE(TEXT(SUBSTITUTE(SUBSTITUTE(SUBSTITUTE($A$1,"元","１"),"分",""),"度","")&"１日","yyyy/mm/d")) -> 45992 | B6: =TEXT(A6,"aaa") -> 月 | H6: =IF((D6-C6)+(F6-E6)-G6=0,"",(D6-C6)+(F6-E6)-G6)
A7: =A6+1 -> 45993 | B7: =TEXT(A7,"aaa") -> 火 | H7: =IF((D7-C7)+(F7-E7)-G7=0,"",(D7-C7)+(F7-E7)-G7)
A8: =A7+1 -> 45994 | B8: =TEXT(A8,"aaa") -> 水 | H8: =IF((D8-C8)+(F8-E8)-G8=0,"",(D8-C8)+(F8-E8)-G8)
A9: =A8+1 -> 45995 | B9: =TEXT(A9,"aaa") -> 木 | H9: =IF((D9-C9)+(F9-E9)-G9=0,"",(D9-C9)+(F9-E9)-G9)
A10: =A9+1 -> 45996 | B10: =TEXT(A10,"aaa") -> 金 | H10: =IF((D10-C10)+(F10-E10)-G10=0,"",(D10-C10)+(F10-E10)-G10)
A11: =A10+1 -> 45997 | B11: =TEXT(A11,"aaa") -> 土 | H11: =IF((D11-C11)+(F11-E11)-G11=0,"",(D11-C11)+(F11-E11)-G11)
A12: =A11+1 -> 45998 | B12: =TEXT(A12,"aaa") -> 日 | H12: =IF((D12-C12)+(F12-E12)-G12=0,"",(D12-C12)+(F12-E12)-G12)
A13: =A12+1 -> 45999 | B13: =TEXT(A13,"aaa") -> 月 | H13: =IF((D13-C13)+(F13-E13)-G13=0,"",(D13-C13)+(F13-E13)-G13)
A14: =A13+1 -> 46000 | B14: =TEXT(A14,"aaa") -> 火 | H14: =IF((D14-C14)+(F14-E14)-G14=0,"",(D14-C14)+(F14-E14)-G14)
A15: =A14+1 -> 46001 | B15: =TEXT(A15,"aaa") -> 水 | H15: =IF((D15-C15)+(F15-E15)-G15=0,"",(D15-C15)+(F15-E15)-G15)
A16: =A15+1 -> 46002 | B16: =TEXT(A16,"aaa") -> 木 | H16: =IF((D16-C16)+(F16-E16)-G16=0,"",(D16-C16)+(F16-E16)-G16)
A17: =A16+1 -> 46003 | B17: =TEXT(A17,"aaa") -> 金 | H17: =IF((D17-C17)+(F17-E17)-G17=0,"",(D17-C17)+(F17-E17)-G17)
A18: =A17+1 -> 46004 | B18: =TEXT(A18,"aaa") -> 土 | H18: =IF((D18-C18)+(F18-E18)-G18=0,"",(D18-C18)+(F18-E18)-G18)
... A33: =A32+1 -> 46019 | B33: =TEXT(A33,"aaa") -> 日 | H33: =IF((D33-C33)+(F33-E33)-G33=0,"",(D33-C33)+(F33-E33)-G33)
A34: =IF(DAY(A33+1)<4,"",A33+1) -> 46020 | B34: =TEXT(A34,"aaa") -> 月 | H34: =IF((D34-C34)+(F34-E34)-G34=0,"",(D34-C34)+(F34-E34)-G34)
A35: =IF(DAY(A33+2)<4,"",A33+2) -> 46021 | B35: =TEXT(A35,"aaa") -> 火 | H35: =IF((D35-C35)+(F35-E35)-G35=0,"",(D35-C35)+(F35-E35)-G35)
A36: =IF(DAY(A33+3)<4,"",A33+3) -> 46022 | B36: =TEXT(A36,"aaa") -> 水 | H36: =IF((D36-C36)+(F36-E36)-G36=0,"",(D36-C36)+(F36-E36)-G36)
A37: 合計 | H37: =SUM(H6:H36) -> 0 | I37: 数値表示に変換した時間数 | N37: =ROUNDDOWN(ROUND(H37*24*60,1)/60,2) -> 0

Sheet 1月
A1: 2026年1月分 | H1: 活動日報
A2: プロジェクト代表者名： | D2: =IFERROR(総括表_水色のセルを入力!D2,"") -> 李弦チョル | I2: PM： | J2: =IFERROR(総括表_水色のセルを入力!D3,"") -> 谷口 英
A4: 日 | B4: 曜日 | C4: 作業時間帯(24時間制で時刻入力) | G4: 除外する時間数 | H4: 作業 時間数 | I4: 具体的な作業内容
C5: 開始時刻 | D5: 終了時刻 | E5: 開始時刻 | F5: 終了時刻
A6: =DATEVALUE(TEXT(SUBSTITUTE(SUBSTITUTE(SUBSTITUTE($A$1,"元","１"),"分",""),"度","")&"１日","yyyy/mm/d")) -> 46023 | B6: =TEXT(A6,"aaa") -> 木 | H6: =IF((D6-C6)+(F6-E6)-G6=0,"",(D6-C6)+(F6-E6)-G6)
A7: =A6+1 -> 46024 | B7: =TEXT(A7,"aaa") -> 金 | H7: =IF((D7-C7)+(F7-E7)-G7=0,"",(D7-C7)+(F7-E7)-G7)
A8: =A7+1 -> 46025 | B8: =TEXT(A8,"aaa") -> 土 | H8: =IF((D8-C8)+(F8-E8)-G8=0,"",(D8-C8)+(F8-E8)-G8)
A9: =A8+1 -> 46026 | B9: =TEXT(A9,"aaa") -> 日 | H9: =IF((D9-C9)+(F9-E9)-G9=0,"",(D9-C9)+(F9-E9)-G9)
A10: =A9+1 -> 46027 | B10: =TEXT(A10,"aaa") -> 月 | H10: =IF((D10-C10)+(F10-E10)-G10=0,"",(D10-C10)+(F10-E10)-G10)
A11: =A10+1 -> 46028 | B11: =TEXT(A11,"aaa") -> 火 | H11: =IF((D11-C11)+(F11-E11)-G11=0,"",(D11-C11)+(F11-E11)-G11)
A12: =A11+1 -> 46029 | B12: =TEXT(A12,"aaa") -> 水 | H12: =IF((D12-C12)+(F12-E12)-G12=0,"",(D12-C12)+(F12-E12)-G12)
A13: =A12+1 -> 46030 | B13: =TEXT(A13,"aaa") -> 木 | H13: =IF((D13-C13)+(F13-E13)-G13=0,"",(D13-C13)+(F13-E13)-G13)
A14: =A13+1 -> 46031 | B14: =TEXT(A14,"aaa") -> 金 | H14: =IF((D14-C14)+(F14-E14)-G14=0,"",(D14-C14)+(F14-E14)-G14)
A15: =A14+1 -> 46032 | B15: =TEXT(A15,"aaa") -> 土 | H15: =IF((D15-C15)+(F15-E15)-G15=0,"",(D15-C15)+(F15-E15)-G15)
A16: =A15+1 -> 46033 | B16: =TEXT(A16,"aaa") -> 日 | H16: =IF((D16-C16)+(F16-E16)-G16=0,"",(D16-C16)+(F16-E16)-G16)
A17: =A16+1 -> 46034 | B17: =TEXT(A17,"aaa") -> 月 | H17: =IF((D17-C17)+(F17-E17)-G17=0,"",(D17-C17)+(F17-E17)-G17)
A18: =A17+1 -> 46035 | B18: =TEXT(A18,"aaa") -> 火 | H18: =IF((D18-C18)+(F18-E18)-G18=0,"",(D18-C18)+(F18-E18)-G18)
... A28: =A27+1 -> 46045 | B28: =TEXT(A28,"aaa") -> 金 | H28: =IF((D28-C28)+(F28-E28)-G28=0,"",(D28-C28)+(F28-E28)-G28)
H29: =IF((D29-C29)+(F29-E29)-G29=0,"",(D29-C29)+(F29-E29)-G29)
H30: =IF((D30-C30)+(F30-E30)-G30=0,"",(D30-C30)+(F30-E30)-G30)
H31: =IF((D31-C31)+(F31-E31)-G31=0,"",(D31-C31)+(F31-E31)-G31)
H32: =IF((D32-C32)+(F32-E32)-G32=0,"",(D32-C32)+(F32-E32)-G32)
H33: =IF((D33-C33)+(F33-E33)-G33=0,"",(D33-C33)+(F33-E33)-G33)
H34: =IF((D34-C34)+(F34-E34)-G34=0,"",(D34-C34)+(F34-E34)-G34)
H35: =IF((D35-C35)+(F35-E35)-G35=0,"",(D35-C35)+(F35-E35)-G35)
H36: =IF((D36-C36)+(F36-E36)-G36=0,"",(D36-C36)+(F36-E36)-G36)
A37: 合計 | H37: =SUM(H6:H36) -> 0 | I37: 数値表示に変換した時間数 | N37: =ROUNDDOWN(ROUND(H37*24*60,1)/60,2) -> 0
